ID,Originalbild-URL,Titel,Autor*in,Lizenz,Bildseite-URL
51,https://live.staticflickr.com/6093/6294882383_498624f097_o.jpg,"sunset",minicooper93402,CC BY 2.0,https://www.flickr.com/photos/minicooper93402/6294882383/
104,https://live.staticflickr.com/1509/25993330175_ddb40fe942_o.jpg,"Southern Sunset (EXPLORED)",Thanks for over 2 million views!!,CC BY 2.0,https://www.flickr.com/photos/chad_sparkes/25993330175/
117,https://live.staticflickr.com/4074/4768357051_5cd5f41f87_o.jpg,"Aci Trezza Faraglioni Sea Dawn Sunset Sicilia Italy Italia - Creative Commons by gnuckx",gnuckx,CC0 1.0,https://www.flickr.com/photos/gnuckx/4768357051/
247,https://live.staticflickr.com/6211/6295413648_40c7e0d865_o.jpg,"sunset",minicooper93402,CC BY 2.0,https://www.flickr.com/photos/minicooper93402/6295413648/
654,https://live.staticflickr.com/7520/16173430812_dea2d66443_o.jpg,"Sunset Coucher de soleil - Cap Ferret Bassin d'Arcachon Ocean Pecheur Fisherman Beach Plage Waves Vagues Water Eau Boat Bateau Oiseau Birds bleu orange Claouey Aquitaine Gironde Bordeaux Voile - Picture Image Photography",www.twin-loc.fr,CC BY 2.0,https://www.flickr.com/photos/xavier33300/16173430812/
27,https://live.staticflickr.com/4143/4901402905_5c5f4c0279_o.jpg,"Caribbean Sunset, Aruba",D-Stanley,CC BY 2.0,https://www.flickr.com/photos/davidstanleytravel/4901402905/
38,https://live.staticflickr.com/132/396642397_a5d425dbc0_o.jpg,"Fanabe Beach sunset E",ahisgett,CC BY 2.0,https://www.flickr.com/photos/hisgett/396642397/
75,https://live.staticflickr.com/8305/7925572724_a93f3f1a7f_o.jpg,"Sunset splendor",rkramer62,CC BY 2.0,https://www.flickr.com/photos/rkramer62/7925572724/
116,https://live.staticflickr.com/2356/2100417490_7d75eeb582_o.jpg,"oregon coast sunset",Deep Owl,CC BY 2.0,https://www.flickr.com/photos/d-powell/2100417490/
152,https://live.staticflickr.com/7341/11442316003_46c41f2ced_o.jpg,"Pismo WOW Sunset",puliarf,CC BY 2.0,https://www.flickr.com/photos/puliarfanita/11442316003/
272,https://live.staticflickr.com/4286/35302392605_962751eaa5_o.jpg,"Sunset",Me in ME,CC BY 2.0,https://www.flickr.com/photos/pavdw/35302392605/
297,https://live.staticflickr.com/76/196910902_09b5c0d70f_o.jpg,"Fijian Sunset",Alex Kehr,CC BY 2.0,https://www.flickr.com/photos/alexkehr/196910902/
345,https://live.staticflickr.com/65535/49315897498_016e2efd71_o.jpg,"Sunset At El Porto",szeke,CC BY-SA 2.0,https://www.flickr.com/photos/pedrosz/49315897498/
677,https://live.staticflickr.com/5541/12185839253_a7f4eaf791_o.jpg,"indian sunset.",alyssaBLACK.,CC BY-SA 2.0,https://www.flickr.com/photos/alyssablack/12185839253/
1,https://live.staticflickr.com/56/127825139_a430fcdf0c_o.jpg,"Santorini Sunset",Leithcote,CC BY 2.0,https://www.flickr.com/photos/leithcote/127825139/
13,https://live.staticflickr.com/5211/5462330087_970315e5e8_o.jpg,"Sunset....",Mohamed Malik,CC BY 2.0,https://www.flickr.com/photos/malikdhadha/5462330087/
53,https://live.staticflickr.com/24/59557032_24f672130b_o.jpg,"Sunset?",Bryan Pocius,CC BY 2.0,https://www.flickr.com/photos/pocius/59557032/
126,https://live.staticflickr.com/7338/15931992384_5846b1d9ff_o.jpg,"Just beyond the sunset lies my destiny",sagesolar,CC BY 2.0,https://www.flickr.com/photos/sagesolar/15931992384/
210,https://live.staticflickr.com/2905/14397679533_40cfd90054_o.jpg,"Polzeath Sunset 2. Nikon D3100. DSC_0301.",Robert.Pittman,CC BY-ND 2.0,https://www.flickr.com/photos/50144889@N08/14397679533/
447,https://live.staticflickr.com/2726/4386772544_eef5d5116e_o.jpg,"Sunset at 13th Street",odonata98 (Kimberly Reinhart),CC BY-ND 2.0,https://www.flickr.com/photos/kimberlyreinhart/4386772544/
456,https://live.staticflickr.com/76/200905820_afda80eb5d_o.jpg,"Sunset",sabianmaggy,CC BY 2.0,https://www.flickr.com/photos/40765798@N00/200905820/
10,https://live.staticflickr.com/2897/14435291648_15b28853a4_o.jpg,"Sunset 2",FranksWorldPics,CC BY-SA 2.0,https://www.flickr.com/photos/franksworldpics/14435291648/
18,https://live.staticflickr.com/7447/16424164745_227869f3b3_o.jpg,"Sunset",xander.dacyon,CC BY 2.0,https://www.flickr.com/photos/96038716@N07/16424164745/
31,https://live.staticflickr.com/3357/5740123978_2916ae8bb5_o.jpg,"A Maldivian Sunset",Mahin Fayaz,CC BY 2.0,https://www.flickr.com/photos/skyrim/5740123978/
105,https://live.staticflickr.com/2919/14520432097_160b56ba2e_o.jpg,"Sunset",Kamil Porembiński,CC BY-SA 2.0,https://www.flickr.com/photos/paszczak000/14520432097/
238,https://live.staticflickr.com/8617/15705996249_8519b7d43f_o.png,"Sunset Buncrana",leppre,CC BY 2.0,https://www.flickr.com/photos/leppre/15705996249/
252,https://live.staticflickr.com/7045/6797174532_17646603b0_o.jpg,"Sunset at Kabini River",VinothChandar,CC BY 2.0,https://www.flickr.com/photos/vinothchandar/6797174532/
320,https://live.staticflickr.com/30/37404623_e0d418357c_o.jpg,"Olympic Sunset",pfly,CC BY-SA 2.0,https://www.flickr.com/photos/pfly/37404623/
326,https://live.staticflickr.com/7527/15642897404_dbd2ede9ae_o.jpg,"Sunset On Magic Island 2",Edmund Garman,CC BY 2.0,https://www.flickr.com/photos/3cl/15642897404/
408,https://live.staticflickr.com/3858/15287288682_197496ddc6_o.jpg,"Another from Monday's mesmerizing sunset",rkramer62,CC BY 2.0,https://www.flickr.com/photos/rkramer62/15287288682/
666,https://live.staticflickr.com/3766/33435991155_811f220a17_o.jpg,"Rorschach Sunset",Charles Patrick Ewing,CC BY 2.0,https://www.flickr.com/photos/132033298@N04/33435991155/
163,https://live.staticflickr.com/2854/11529076353_913a6af960_o.jpg,"Organ Mountains sunset",uıɐɾ ʞ ʇɐɯɐs,CC BY-SA 2.0,https://www.flickr.com/photos/tamasrepus/11529076353/
348,https://live.staticflickr.com/2899/14330032310_f008b242c3_o.jpg,"Sunset on the Thomson River at Longreach in mid winter.",denisbin,CC BY-ND 2.0,https://www.flickr.com/photos/82134796@N03/14330032310/
526,https://live.staticflickr.com/3692/12885033974_9da71127cb_o.jpg,"How old mountains drip with sunset",sagesolar,CC BY 2.0,https://www.flickr.com/photos/sagesolar/12885033974/
15,https://live.staticflickr.com/5028/5576567395_8d8d86d072_o.jpg,"Sunset",@mist3ry30,CC BY 2.0,https://www.flickr.com/photos/tylermyeo/5576567395/
20,https://live.staticflickr.com/5172/5593826855_e9e74c5e06_o.jpg,"Sunset",bark,CC BY 2.0,https://www.flickr.com/photos/barkbud/5593826855/
35,https://live.staticflickr.com/7156/6674416303_98aaebe6e8_o.jpg,"Sunset",ahisgett,CC BY 2.0,https://www.flickr.com/photos/hisgett/6674416303/
111,https://live.staticflickr.com/7029/6626068585_42fce3c437_o.jpg,"Sunset clouds over Bluebird Estates",Peggy2012CREATIVELENZ,CC BY 2.0,https://www.flickr.com/photos/73230975@N03/6626068585/
279,https://live.staticflickr.com/8331/8119657621_393aeeb4f9_o.jpg,"Watchman Sunset",ZionNPS,CC BY 2.0,https://www.flickr.com/photos/zionnps/8119657621/
482,https://live.staticflickr.com/65535/48902130877_ff4a9fa006_o.jpg,"North Lake Sunset",Jaykhuang,CC BY 2.0,https://www.flickr.com/photos/jayhuangphotos/48902130877/
501,https://live.staticflickr.com/8282/7874109806_3fe0080ae4_o.jpg,"Beetle Rock Sunset #1, Sequoia National Park",flatworldsedge,CC BY-SA 2.0,https://www.flickr.com/photos/flatworldsedge/7874109806/
517,https://live.staticflickr.com/5484/11108542805_50d5bf419b_o.jpg,"Poulnabrone Sunset",Bold Frontiers,CC BY 2.0,https://www.flickr.com/photos/82955120@N05/11108542805/
554,https://live.staticflickr.com/7402/14167689363_85c8899267_o.jpg,"Yorkshire Sunset",Christopher Combe Photography,CC BY 2.0,https://www.flickr.com/photos/cosmicherb70/14167689363/
665,https://live.staticflickr.com/8639/16331073018_4de2e63451_o.jpg,"Redhill - Watercolour Sunset - Dec 2014 - Scudding Clouds",Gareth1953 All Right Now,CC BY 2.0,https://www.flickr.com/photos/gareth1953/16331073018/
6,https://live.staticflickr.com/7842/47454379281_9dde2458e8_o.jpg,"drama-sunset in the countryside",angelobrathot,CC PDM 1.0,https://www.flickr.com/photos/brathot/47454379281/
22,https://live.staticflickr.com/3675/12445414925_4faeb6b4e7_o.jpg,"Snow-Sunset-Light",Chris Sorge,CC BY-SA 2.0,https://www.flickr.com/photos/stone65/12445414925/
91,https://live.staticflickr.com/3869/14554089711_4b49a0a220_o.jpg,"Sunset[Explore]",A Perfect Heart,CC BY 2.0,https://www.flickr.com/photos/a_perfect_heart/14554089711/
172,https://live.staticflickr.com/2289/2154587934_c227ebe3a3_o.jpg,"Sunset",ARG അര്ഗ്,CC BY 2.0,https://www.flickr.com/photos/anuprajg/2154587934/
175,https://live.staticflickr.com/3693/11676450325_5c7b2d6da9_o.jpg,"Snow-Color-Sunset",Chris Sorge,CC BY-SA 2.0,https://www.flickr.com/photos/stone65/11676450325/
628,https://live.staticflickr.com/7263/7419136734_8512699daf_o.jpg,"Sunset @ Kabini",VinothChandar,CC BY 2.0,https://www.flickr.com/photos/vinothchandar/7419136734/
656,https://live.staticflickr.com/3447/3364752782_54e82e02b6_o.jpg,"Oregon Farm Sunset",Tony Fischer Photography,CC BY 2.0,https://www.flickr.com/photos/tonythemisfit/3364752782/
675,https://live.staticflickr.com/7178/13897356956_791816ccdd_o.jpg,"https://www.twin-loc.fr Sunset over the Dordogne river - Montalon, Bordeaux, France - Picture Image Photo Garonne",www.twin-loc.fr,CC BY 2.0,https://www.flickr.com/photos/xavier33300/13897356956/
3,https://live.staticflickr.com/5179/5408558124_1525309d6d_o.jpg,"Sunset",tejvanphotos,CC BY 2.0,https://www.flickr.com/photos/tejvan/5408558124/
66,https://live.staticflickr.com/7249/7560050614_9de36cf3cd_o.jpg,"Sunset",Thales,CC BY 2.0,https://www.flickr.com/photos/thales/7560050614/
83,https://live.staticflickr.com/7482/15679748654_a1e472bf28_o.png,"sunset",andymiccone,CC0 1.0,https://www.flickr.com/photos/andymiccone/15679748654/
125,https://live.staticflickr.com/3032/2348966271_109a887b8b_o.jpg,"Sunset",NeilsPhotography,CC BY 2.0,https://www.flickr.com/photos/neilspicys/2348966271/
130,https://live.staticflickr.com/5027/5680551445_9feb5b869a_o.jpg,"Sunset",timo_w2s,CC BY-SA 2.0,https://www.flickr.com/photos/timo_w2s/5680551445/
188,https://live.staticflickr.com/217/479627824_a19de5fbee_o.jpg,"Sunset balloon flight",Axel-D,CC BY 2.0,https://www.flickr.com/photos/axel-d/479627824/
224,https://live.staticflickr.com/3109/2820191540_c3c5a1db2d_o.jpg,"Nada, Texas Sunset",Corey Leopold,CC BY 2.0,https://www.flickr.com/photos/cleopold73/2820191540/
310,https://live.staticflickr.com/3444/3707771239_fe9dd58aa3_o.jpg,"Another sunset between the clouds!",Tambako the Jaguar,CC BY-ND 2.0,https://www.flickr.com/photos/tambako/3707771239/
467,https://live.staticflickr.com/1564/25875588810_c825458cfa_o.jpg,"Cornfield Sunset",enneafive,CC BY 2.0,https://www.flickr.com/photos/enneafive/25875588810/
